symbol,date,total_score,avg_dominance,avg_price,weighted_rolling_price,weighted_expanding_price,next_day_price,next_day_return
ACLBSL,2024-11-21,16,0.0,1144.6972972972974,1145.9067791151094,1149.7755870333597,1119.0222222222224,-0.022429576042238854
ACLBSL,2024-11-25,10,9.25185853854297e-18,1119.0222222222224,1118.022974355529,1127.6084409212995,,
ADBL,2024-11-21,30,-1.32169407693471e-18,354.55555555555554,354.5266799327549,354.34368899537293,350.971,-0.010109996866186103
ADBL,2024-11-25,60,-9.462128050782583e-19,350.971,351.16435054539284,352.16648834478417,,
ADBLD83,2024-11-25,3,0.0,1135.0,1135.0,1135.0,,
AHL,2024-11-21,24,-3.6520494231090674e-19,700.9357142857143,700.9979334288706,701.4303742261284,697.6032258064516,-0.004754342532907797
AHL,2024-11-25,26,1.224510688924805e-18,697.6032258064516,697.2477072428902,698.5294490756344,,
AHPC,2024-11-21,42,0.0,276.4020408163265,276.4370247354429,276.42945512683247,280.13097826086954,0.013490990998221168
AHPC,2024-11-25,60,-7.34602288296301e-19,280.13097826086954,280.1587918129871,277.8209519617126,,
AKJCL,2024-11-21,62,1.1963610179150394e-19,213.60909090909092,213.58189644187374,213.68525594138924,208.53872832369942,-0.02373664231148937
AKJCL,2024-11-25,100,6.693769934475723e-19,208.53872832369942,208.62232059952694,210.13577233070993,,
AKPL,2024-11-21,68,1.0154478883766675e-18,261.9032679738562,261.8670429807278,261.1726811505716,255.75196850393698,-0.023486913765937662
AKPL,2024-11-25,76,0.0,255.75196850393698,255.83516802576455,257.96661342086486,,
ALBSL,2024-11-21,7,-2.2204460492503132e-17,869.64,874.1292074592075,874.1292074592075,870.8265306122449,0.0013643928662951923
ALBSL,2024-11-25,30,0.0,870.8265306122449,870.6385097629832,864.3362754967886,,
ALICL,2024-11-21,46,-1.5720931501039814e-18,740.2327272727274,740.1239562568331,739.4281519585662,733.6932203389831,-0.008834393148001022
ALICL,2024-11-25,42,0.0,733.6932203389831,732.7580321066553,733.5169126297744,,
ANLB,2024-11-21,5,0.0,5042.0,5035.8166053244995,5035.391648059543,5111.76551724138,0.01383687370911934
ANLB,2024-11-25,12,4.5102810375396986e-18,5111.76551724138,5107.952953547854,5070.1328377908185,,
API,2024-11-21,68,-1.8753767307857375e-19,291.60240000000005,291.54929319584386,290.9020867001737,288.31054852320676,-0.011288835334665568
API,2024-11-25,100,4.425314989736753e-19,288.31054852320676,288.32563555690155,289.93584209071014,,
AVYAN,2024-11-21,19,7.709882115452476e-19,1066.541463414634,1066.8638693972464,1065.9787416419354,1084.5631578947368,0.016897321949776386
AVYAN,2024-11-25,26,4.163336342344337e-18,1084.5631578947368,1083.0810747075095,1105.6165759850164,,
BARUN,2024-11-21,36,-2.523234146875356e-18,426.97916666666674,426.78453425562907,426.2235027464147,421.09870129870126,-0.013772253606359757
BARUN,2024-11-25,53,1.3010426069826053e-18,421.09870129870126,421.2942938177978,422.5529068614809,,
BBC,2024-11-25,10,-7.93016446160826e-18,4183.555555555556,4178.157141710278,4176.971946622867,,
BEDC,2024-11-21,58,-6.505213034913027e-19,551.9864864864865,551.48998464054,549.4141877492102,551.679104477612,-0.0005568650979682903
BEDC,2024-11-25,34,3.7123082385903674e-18,551.679104477612,551.1873879582198,548.5278930946656,,
BFC,2024-11-21,84,-1.2721305490496584e-18,769.920143884892,769.8829682922469,772.1902177949544,835.7922297297297,0.08555703649011938
BFC,2024-11-25,186,-1.485208455459595e-19,835.7922297297297,835.4669455437954,806.1555747000685,,
BGWT,2024-11-21,13,0.0,1038.0076923076924,1037.7415296649237,1037.335244266093,1002.3179487179488,-0.034382927847479094
BGWT,2024-11-25,19,0.0,1002.3179487179488,1003.3004282778901,1002.0435921728772,,
BHDC,2024-11-21,42,-7.434529182757744e-19,660.8466666666667,660.6198489241548,660.2964184200636,645.7727272727273,-0.022810040746627215
BHDC,2024-11-25,35,1.5333716439437848e-18,645.7727272727273,646.0287371049086,651.856755717136,,
BHL,2024-11-21,18,-3.0612767223120124e-18,384.5310344827586,384.2645652516733,384.2939676402455,369.33,-0.039531359291210134
BHL,2024-11-25,22,2.0816681711721684e-18,369.33,369.5097136402947,373.7634697149828,,
BHPL,2024-11-21,19,1.8260247115545337e-18,800.106976744186,800.4209517376727,802.4273482612346,776.6540540540541,-0.029312233703506867
BHPL,2024-11-25,22,-1.460819769243627e-18,776.6540540540541,776.6054069414892,786.1491291104413,,
BNHC,2024-11-21,40,0.0,521.0472222222222,520.5935234255162,519.0917658186021,515.0677419354839,-0.01147588938529663
BNHC,2024-11-25,52,0.0,515.0677419354839,514.7914934225979,516.5921675368129,,
BNL,2024-11-21,7,0.0,16433.0,16383.866666666667,16383.866666666667,,
BNT,2024-11-21,7,0.0,14152.0,14154.791666666666,14156.028703703705,13970.05,-0.012856840022611697
BNT,2024-11-25,5,0.0,13970.05,13931.035,14019.143787172972,,
BPCL,2024-11-21,16,0.0,443.41875,443.6958733064452,444.28071673911165,443.56666666666666,0.00033358234550675685
BPCL,2024-11-25,23,-1.32169407693471e-18,443.56666666666666,443.6960388703334,443.22822330552253,,
C30MF,2024-11-25,3,0.0,9.31,9.39257142857143,9.39257142857143,,
CBBL,2024-11-21,24,0.0,974.2583333333333,974.3843880106555,974.6147915166271,961.9681159420292,-0.01261494715601184
CBBL,2024-11-25,48,3.5388358909926865e-18,961.9681159420292,961.7183819973238,962.1007793609372,,
CCBD88,2024-11-25,3,0.0,1096.1,1111.4304904051173,1110.0633998790079,,
CFCL,2024-11-21,58,0.0,688.2898876404495,688.0151562659144,687.4608244718597,692.5648148148148,0.006210939970395801
CFCL,2024-11-25,58,-5.867447051098024e-19,692.5648148148148,692.2670026304206,688.5100047622568,,
CGH,2024-11-21,72,-8.2793620444347615e-19,954.9064516129033,955.0074975928984,955.906701708608,949.2653846153846,-0.005907455110383366
CGH,2024-11-25,42,1.1564823173178713e-18,949.2653846153846,949.6114900902404,949.2061559763368,,
CHCL,2024-11-21,50,8.673617379884035e-19,576.0490566037736,576.4216951575462,578.2155175678536,588.6115044247788,0.021807947911710743
CHCL,2024-11-25,78,-1.7842870038618585e-18,588.6115044247788,588.5414909413531,595.7753139240166,,
CHDC,2024-11-21,18,-1.206764157201257e-18,1650.6775000000002,1649.9535574494344,1654.9957661016203,1645.5975609756097,-0.0030774872889407947
CHDC,2024-11-25,36,7.142979018728029e-19,1645.5975609756097,1645.9724941792233,1639.4164252447054,,
CHL,2024-11-21,28,1.734723475976807e-18,380.1857142857143,379.95875543987694,379.42603713028586,378.89387755102047,-0.0033979097218866405
CHL,2024-11-25,40,1.9909894440188354e-18,378.89387755102047,378.7833649410553,377.3176126317556,,
CIT,2024-11-21,34,-1.5084551965015713e-18,2173.609523809524,2175.2174419964035,2174.8604574987708,2169.55737704918,-0.0018642477942597683
CIT,2024-11-25,48,4.785444071660157e-19,2169.55737704918,2169.460550011006,2170.842344669722,,
CITY,2024-11-21,24,-6.938893903907228e-18,905.9690476190475,905.8450941837493,904.0568413667593,905.344827586207,-0.0006890081228282817
CITY,2024-11-25,34,2.047937436917064e-18,905.344827586207,905.3694757468344,894.9117971755469,,
CKHL,2024-11-21,32,0.0,700.6127659574469,700.3312017383248,698.0308203952097,695.6642857142857,-0.007063074616401884
CKHL,2024-11-25,26,0.0,695.6642857142857,695.9375223832436,699.1785198283065,,
CLI,2024-11-21,54,-2.125036258071589e-18,674.8361111111111,674.7706341011418,673.7078367997624,676.8253164556961,0.0029476865743147548
CLI,2024-11-25,66,-9.856383386231859e-21,676.8253164556961,676.926992910198,673.7837892050294,,
CMF1,2024-11-21,7,-1.586032892321652e-17,10.882,10.980790083814217,10.99390159878131,10.622222222222222,-0.023872245706467368
CMF1,2024-11-25,3,1.1102230246251566e-17,10.622222222222222,10.667223632046886,10.91338418352354,,
CMF2,2024-11-25,3,0.0,9.61,9.580467596390484,9.583164384966416,,
CORBL,2024-11-21,24,-2.523234146875356e-18,1258.286206896552,1257.4198552129208,1261.7035020889114,1322.8022727272728,0.05127296594138458
CORBL,2024-11-25,34,3.784851220313033e-18,1322.8022727272728,1316.36890070531,1250.2191887538584,,
CYCL,2024-11-21,46,0.0,1733.139655172414,1731.3223311773143,1731.4901182910828,1696.7695652173913,-0.020985089024118213
CYCL,2024-11-25,52,2.168404344971009e-18,1696.7695652173913,1697.4792136770454,1734.599404422989,,
CZBIL,2024-11-21,56,1.5419764230904951e-18,230.62948717948717,230.614528997119,230.7051515585588,225.99333333333334,-0.020102172982528248
CZBIL,2024-11-25,62,1.8753767307857375e-18,225.99333333333334,226.09723474871578,229.19104059844437,,
DDBL,2024-11-21,18,-8.673617379884035e-19,914.725,914.0969438135567,913.4500615574319,894.8439024390243,-0.02173450770556803
DDBL,2024-11-25,26,-2.921639538487254e-18,894.8439024390243,895.1736050532767,902.6567436559417,,
DHPL,2024-11-21,19,-9.25185853854297e-18,264.23,263.9272677012656,263.8343594106139,261.29333333333335,-0.01111405467458906
DHPL,2024-11-25,24,8.673617379884035e-19,261.29333333333335,261.3414764893686,262.3933831323915,,
DLBS,2024-11-21,28,0.0,1735.7333333333333,1737.3248709080804,1740.940753737644,1666.6677419354837,-0.03979043904469751
DLBS,2024-11-25,30,0.0,1666.6677419354837,1673.1532952330845,1693.5259651591857,,
DOLTI,2024-11-21,29,0.0,589.1704545454545,589.0581050554774,589.9317280615585,587.3595238095238,-0.003073695773369748
DOLTI,2024-11-25,32,-3.0169103930031427e-18,587.3595238095238,587.5910277682858,584.3196799604146,,
DORDI,2024-11-21,30,8.673617379884035e-19,475.32894736842104,475.35790187191964,476.1112630553282,473.9419354838709,-0.0029180042415449183
DORDI,2024-11-25,27,2.023844055306275e-18,473.9419354838709,473.89792729418343,472.33277680609314,,
EBL,2024-11-21,16,-2.6020852139652106e-18,606.9642857142857,606.985166934199,607.0906832038456,601.5159090909091,-0.008976436919949662
EBL,2024-11-25,34,-1.0250638721681133e-18,601.5159090909091,601.7648888529374,605.6519573252706,,
EBLD86,2024-11-21,1,0.0,1038.0,1038.0,1038.0,,
EDBL,2024-11-21,32,0.0,663.2974358974359,663.5254930886333,664.9398889656879,644.9943181818181,-0.027594133076745266
EDBL,2024-11-25,44,-2.10269512239613e-18,644.9943181818181,644.9744155350785,642.6727401021961,,
EHPL,2024-11-21,34,3.0839528461809902e-18,793.119512195122,792.2308083828578,791.1140000344822,782.8864864864864,-0.01290224934740732
EHPL,2024-11-25,38,-7.885106708985487e-20,782.8864864864864,783.6361124120118,788.5418910992386,,
ENL,2024-11-21,5,-1.3877787807814457e-17,1180.15,1180.0875,1180.0875,1161.0,-0.016226750836758116
ENL,2024-11-25,6,0.0,1161.0,1157.66,1168.6407037024446,,
FMDBL,2024-11-21,20,-5.046468293750712e-18,776.1818181818181,777.5381821012442,780.7361403956185,775.4599999999999,-0.0009299601780276742
FMDBL,2024-11-25,30,2.8912057932946783e-19,775.4599999999999,775.7325755682523,778.5622915146288,,
FOWAD,2024-11-21,15,0.0,1504.1277777777777,1504.0518218145596,1504.066632752214,1503.2225806451613,-0.0006018086667834661
FOWAD,2024-11-25,30,-4.956352788505163e-18,1503.2225806451613,1503.8422754523428,1502.130715880074,,
GBBD85,2024-11-21,3,0.0,1034.0,1034.0,1034.0,,
GBBL,2024-11-21,26,-1.460819769243627e-18,456.29062500000003,456.37502700707637,457.21718074780057,448.6811320754717,-0.016676855730990207
GBBL,2024-11-25,38,-5.337610695313253e-19,448.6811320754717,448.87080162603,451.84950284776284,,
GBILD86/87,2024-11-21,3,0.0,1022.0,1022.0,1022.0,,
GBIME,2024-11-21,90,2.168404344971009e-19,255.7240223463687,255.70992401763183,255.73896421165645,235.8777777777778,-0.07760805725834359
GBIME,2024-11-25,88,2.2825308894431674e-18,235.8777777777778,235.96810617449563,243.64868915158368,,
GBLBS,2024-11-21,36,-1.813574543066662e-18,840.5018518518518,839.9791201826745,838.3581302491037,814.0153846153846,-0.03151268159387203
GBLBS,2024-11-25,20,-7.434529182757744e-19,814.0153846153846,814.128431436547,832.4775647391117,,
GCIL,2024-11-21,74,3.0474871875268234e-19,480.37719298245617,480.3393600012322,480.3397482634662,482.56935483870967,0.004563417848052511
GCIL,2024-11-25,88,-1.5770213417970974e-19,482.56935483870967,482.4730498597668,482.1684757495722,,
GFCL,2024-11-21,72,0.0,970.0285714285715,969.8801851780021,969.41393642791,949.8444444444443,-0.02080776543973521
GFCL,2024-11-25,82,7.032662740446516e-19,949.8444444444443,949.8862371699088,955.260260604264,,
GHL,2024-11-21,32,-1.8924256101565167e-18,224.1840909090909,224.11317089049177,223.82633942814354,219.47623762376236,-0.02099994369019539
GHL,2024-11-25,60,6.505213034913027e-19,219.47623762376236,219.43266242676228,220.69342269165656,,
GIBF1,2024-11-25,3,0.0,9.83,9.734000000000002,9.747518292682926,,
GILB,2024-11-21,22,1.6326809185664067e-18,1341.325925925926,1338.1595007150231,1333.9301219072136,1351.2384615384615,0.007390102152609056
GILB,2024-11-25,15,9.637352644315594e-20,1351.2384615384615,1350.9828880394607,1349.1948251302576,,
GLBSL,2024-11-21,30,-3.0357660829594124e-18,2450.9583333333335,2458.762244905749,2482.742780934225,2456.0112359550562,0.002061602824088299
GLBSL,2024-11-25,40,-1.827655090761279e-18,2456.0112359550562,2456.097875002854,2419.9422364094926,,
GLH,2024-11-21,48,-2.5721761885173348e-18,254.88354430379746,254.8810192575098,255.26769260401932,251.41237113402062,-0.013618663296833049
GLH,2024-11-25,54,-6.391086490440868e-19,251.41237113402062,251.32518535830897,251.4416395541841,,
GMFBS,2024-11-21,24,0.0,1835.3942857142858,1832.731217062109,1825.070669263103,1759.55,-0.04132315672148306
GMFBS,2024-11-25,14,3.469446951953614e-18,1759.55,1768.8771703295595,1801.569734038115,,
GMFIL,2024-11-21,32,0.0,670.2878048780487,670.5063356866963,672.489859265651,674.5974358974358,0.006429523240649121
GMFIL,2024-11-25,42,-5.256737805990325e-19,674.5974358974358,674.2425128765094,663.8738436598957,,
GRDBL,2024-11-21,12,0.0,939.0285714285714,935.7413200047461,935.4510736602333,933.0522123893804,-0.0063644059627482015
GRDBL,2024-11-25,50,-3.558407130208835e-19,933.0522123893804,933.3594008108836,918.8108414420918,,
GUFL,2024-11-21,43,4.4090888347743844e-18,770.7210526315789,770.6813612498595,770.5449953064367,756.235593220339,-0.018794685005398857
GUFL,2024-11-25,36,5.656706986880893e-19,756.235593220339,756.4489033389121,758.3118556409108,,
GVL,2024-11-21,42,0.0,559.5358490566038,559.570220065201,559.042301131762,548.471875,-0.019773485604645404
GVL,2024-11-25,47,-1.8681637433596383e-18,548.471875,548.0623281878776,555.7195987269783,,
H8020,2024-11-21,3,0.0,9.98,9.98,9.98,10.183333333333332,0.020374081496325788
H8020,2024-11-25,7,9.020562075079397e-18,10.183333333333332,10.122726180939217,10.103266762233867,,
HATHY,2024-11-21,30,1.734723475976807e-18,1425.1151515151516,1424.9940210591876,1424.61185735065,1553.6767676767677,0.09021138819900419
HATHY,2024-11-25,100,-1.1102230246251566e-18,1553.6767676767677,1552.810725030928,1492.363639393226,,
HBL,2024-11-21,33,-2.3129646346357427e-18,254.37647058823532,254.4171960995669,254.2932498583119,251.2111111111111,-0.012443601681415135
HBL,2024-11-25,30,0.0,251.2111111111111,251.26806282737792,252.60488876141815,,
HDHPC,2024-11-21,74,-8.46206573647223e-19,211.4372881355932,211.4189403204922,211.4468130332716,208.94342857142857,-0.011794795450485267
HDHPC,2024-11-25,100,-4.2404351634988616e-19,208.94342857142857,208.92299320331796,210.11732073032314,,
HDL,2024-11-21,70,6.938893903907229e-19,1323.2992592592593,1323.2282878148962,1322.819793648658,1305.7645454545454,-0.013250754643760057
HDL,2024-11-25,96,6.30808536718839e-19,1305.7645454545454,1305.7357242175472,1312.6392816067807,,
HEI,2024-11-21,32,-1.982541115402065e-18,670.7288888888888,670.3660117959154,668.9946602333434,662.8594594594595,-0.01173265317744947
HEI,2024-11-25,28,0.0,662.8594594594595,663.3925778800938,662.9543134160264,,
HEIP,2024-11-21,3,0.0,503.5333333333333,505.81111111111113,505.81111111111113,490.75,-0.025387263339070508
HEIP,2024-11-25,9,2.2204460492503132e-17,490.75,489.52259324237104,501.8557489899038,,
HHL,2024-11-21,30,-1.871675329343397e-18,497.9057142857143,497.3754079383497,496.51808827319877,497.58493975903616,-0.000644247530153974
HHL,2024-11-25,84,5.905441620346577e-19,497.58493975903616,497.5868169714736,491.73355707779024,,
HIDCL,2024-11-21,74,2.1912296538654404e-18,264.7422818791946,264.7433950056133,264.5198264483072,261.4470588235294,-0.012446908866521155
HIDCL,2024-11-25,80,-8.068481283613056e-19,261.4470588235294,261.4011649814953,262.5864043419849,,
HIDCLP,2024-11-21,50,-1.5178830414797062e-18,176.93428571428572,176.90451301325774,177.01878033206754,175.007,-0.010892663943029707
HIDCLP,2024-11-25,92,1.597771622610217e-18,175.007,175.04641159686255,176.1683162507058,,
HLBSL,2024-11-21,28,9.251858538542971e-19,1033.0884615384616,1032.544876628329,1031.5006288088302,999.9476190476192,-0.03207938499428158
HLBSL,2024-11-25,36,-2.8912057932946783e-19,999.9476190476192,1000.5030795492285,1023.1509358583409,,
HLI,2024-11-21,58,5.782411586589357e-19,476.69354838709677,476.39164638755085,475.8513165848492,471.5654135338346,-0.010757718183124832
HLI,2024-11-25,68,5.656706986880893e-19,471.5654135338346,471.5407063211909,473.9461638589168,,
HPPL,2024-11-21,28,6.60847038467355e-19,396.2485714285714,395.8743859970841,395.1331399166327,392.4329896907216,-0.009629263076188931
HPPL,2024-11-25,50,0.0,392.4329896907216,392.2873342096894,396.7436531187578,,
HRL,2024-11-21,130,-3.854941057726238e-19,854.2257575757576,854.2172813544904,853.7434839999485,855.3772727272727,0.0013480220437078127
HRL,2024-11-25,178,8.340016711426958e-21,855.3772727272727,855.3956771884376,850.1539471075228,,
HURJA,2024-11-21,166,-5.084534326138917e-19,250.34419191919193,250.30478399248526,250.31613664624666,239.47260869565216,-0.04342654463119715
HURJA,2024-11-25,130,-3.717264591378872e-19,239.47260869565216,239.5481965722385,244.6324261020071,,
ICFC,2024-11-21,68,-8.673617379884035e-19,759.5971428571428,759.6157886364198,758.3351009260392,767.6416666666667,0.010590513517817165
ICFC,2024-11-25,64,1.0956148269327202e-18,767.6416666666667,766.991879912415,759.3958760103885,,
IGI,2024-11-21,28,2.921639538487254e-18,613.453125,613.5581557763469,614.0499288674621,615.6675,0.003609689004355497
IGI,2024-11-25,44,6.360652745248292e-19,615.6675,615.4910195413242,610.4831029423874,,
IHL,2024-11-21,34,1.3010426069826053e-18,621.7417475728156,621.5830124863052,621.814951844666,610.9433333333333,-0.01736800573813433
IHL,2024-11-25,32,-8.163404592832033e-19,610.9433333333333,610.8221610095408,610.3624276156726,,
ILBS,2024-11-21,28,0.0,1073.8,1072.2183838230048,1067.992482077131,1031.2857142857142,-0.03959236889018973
ILBS,2024-11-25,11,5.551115123125783e-18,1031.2857142857142,1046.805375401312,1063.1749453048085,,
ILI,2024-11-21,74,-6.613633252161577e-19,490.79297297297296,490.9514767768789,490.167679192749,488.175,-0.005334169633918367
ILI,2024-11-25,112,-1.2335811384723962e-18,488.175,488.20281422078955,489.3379933543227,,
JBBL,2024-11-21,56,-3.854941057726238e-19,383.3648936170213,383.30464233427637,383.10164994349236,380.4934131736527,-0.007490201870798355
JBBL,2024-11-25,72,7.096596038086939e-19,380.4934131736527,380.6499926040491,379.29672025439123,,
JBLB,2024-11-21,33,1.1039149392579681e-18,1661.4380952380952,1660.8125440053038,1656.8256475442765,1647.2462686567164,-0.008541893087713874
JBLB,2024-11-25,50,-4.625929269271486e-19,1647.2462686567164,1647.881769277727,1662.5721586356046,,
JFL,2024-11-21,27,8.425799740458777e-18,965.1,965.1,965.1,990.9775910364145,0.02681337792603307
JFL,2024-11-25,132,1.3010426069826053e-19,990.9775910364145,990.925372963828,938.9171072103485,,
JOSHI,2024-11-21,22,1.734723475976807e-18,333.53793103448277,333.17203716598544,332.9044827023777,330.7723404255319,-0.008291682449349141
JOSHI,2024-11-25,32,1.32169407693471e-18,330.7723404255319,330.17772733016625,331.7302232816914,,
JSLBB,2024-11-21,24,5.046468293750712e-18,1676.7941176470588,1678.0355137766412,1678.111966000299,1582.147619047619,-0.056444913304115954
JSLBB,2024-11-25,30,-8.163404592832033e-19,1582.147619047619,1585.2270260557523,1621.1591495096106,,
KBL,2024-11-21,56,5.595882180570345e-19,221.68372093023257,221.6632248145173,221.52294084595025,220.3030042918455,-0.006228317679770471
KBL,2024-11-25,110,-6.838813703370105e-19,220.3030042918455,220.3438826931445,220.5497975177754,,
KBSH,2024-11-21,14,-2.7755575615628915e-18,2565.8888888888887,2563.006423739086,2561.3034086782864,2517.3142857142857,-0.01893090670642303
KBSH,2024-11-25,13,-4.625929269271485e-18,2517.3142857142857,2519.968788632246,2519.667850148865,,
KDBY,2024-11-21,3,0.0,9.522,9.510567106933527,9.510567106933527,9.446666666666667,-0.007911503185605233
KDBY,2024-11-25,5,0.0,9.446666666666667,9.427,9.474257836324702,,
KDL,2024-11-21,17,-4.625929269271485e-18,1108.0470588235294,1109.0382297650256,1109.4912334564008,1086.6947368421054,-0.01927023027712816
KDL,2024-11-25,16,0.0,1086.6947368421054,1082.7728091840697,1081.0754008232818,,
KEF,2024-11-21,3,0.0,9.3,9.3,9.3,9.203333333333333,-0.010394265232975007
KEF,2024-11-25,3,-1.850371707708594e-17,9.203333333333333,9.31240441615311,9.417515992682691,,
KKHC,2024-11-21,17,-1.2616170734376778e-17,290.18095238095236,289.76776864069024,289.55577347305183,287.48055555555555,-0.009305906549826541
KKHC,2024-11-25,32,1.0408340855860842e-18,287.48055555555555,287.01696431174645,287.66301110220644,,
KMCDB,2024-11-21,13,-2.7755575615628915e-18,1130.9857142857143,1130.7265231331753,1130.2335878946044,1118.15,-0.01134913918326608
KMCDB,2024-11-25,18,-5.677276830469551e-18,1118.15,1120.1464271540613,1121.4763603862782,,
KPCL,2024-11-21,9,8.326672684688674e-18,529.4499999999999,529.4190344453915,529.3615014833632,529.3866666666667,-0.00011962099033577438
KPCL,2024-11-25,8,0.0,529.3866666666667,528.8550038019467,529.4812077581707,,
KRBL,2024-11-21,96,1.3344026738283132e-19,814.9444866920151,814.817202503489,814.7219541572055,840.0461267605634,0.030801656405382627
KRBL,2024-11-25,136,-7.182839392716467e-19,840.0461267605634,839.9444855678483,811.3594587371275,,
KSBBL,2024-11-21,13,4.625929269271485e-18,470.5142857142857,470.21661903280193,470.1327868983735,462.13958333333335,-0.017799039551453212
KSBBL,2024-11-25,30,-2.0016040107424695e-18,462.13958333333335,462.1818546283561,462.41542002994277,,
KSY,2024-11-25,3,0.0,9.47,9.439407407407408,9.467320512820512,,
LBBL,2024-11-21,13,-8.673617379884035e-19,505.9071428571429,505.7610255242648,505.60199498137644,492.4984375,-0.026504281559292398
LBBL,2024-11-25,52,0.0,492.4984375,492.8016797420236,497.6924118299203,,
LEC,2024-11-21,36,-2.4781763942525816e-18,225.2054545454545,225.09988614724222,224.34217096855414,219.1139240506329,-0.0270487697871994
LEC,2024-11-25,62,-7.195159871949257e-19,219.1139240506329,219.1437516579238,221.0107927328372,,
LICN,2024-11-21,29,-2.2551405187698493e-18,1200.9162790697674,1200.8834357202454,1202.9072342045915,1178.3833333333334,-0.01876312789588297
LICN,2024-11-25,42,3.96508223080413e-18,1178.3833333333334,1178.2292619503305,1192.4163411339732,,
LLBS,2024-11-21,14,5.337610695313253e-19,1144.3625,1147.617190087001,1151.9660608735774,,
LSL,2024-11-21,28,0.0,253.156,253.24351805604454,253.3442696746892,250.50909090909093,-0.010455644309868527
LSL,2024-11-25,38,-1.1102230246251566e-18,250.50909090909093,250.40293369085967,250.9360112268214,,
LUK,2024-11-21,1,0.0,9.81,9.81,9.81,9.84,0.0030581039755351027
LUK,2024-11-25,9,0.0,9.84,9.834518266717673,9.833614807234277,,
LVF2,2024-11-25,3,-6.938893903907228e-18,9.33,9.32517094017094,9.323788177339901,,
MAKAR,2024-11-21,36,8.673617379884035e-19,675.2853658536585,675.1318241730938,675.7978078884934,662.3608695652174,-0.019139310492983466
MAKAR,2024-11-25,56,-1.1399611413561875e-18,662.3608695652174,662.3589834612574,661.9337014344384,,
MANDU,2024-11-21,22,-1.5419764230904951e-18,1021.7235294117646,1021.8003352531497,1021.2441920421929,987.6808510638298,-0.03331887479143617
MANDU,2024-11-25,30,-3.0169103930031427e-19,987.6808510638298,986.4525142099486,989.6710752446269,,
MATRI,2024-11-21,6,0.0,1389.9714285714285,1391.0229605175405,1391.1681499975878,1369.0857142857144,-0.015026002589981182
MATRI,2024-11-25,12,-4.764466213533522e-18,1369.0857142857144,1375.1804531868158,1381.4921037839615,,
MBJC,2024-11-21,162,2.5181469812566556e-19,378.6689453125,378.74775330807614,383.6379435219538,381.292380952381,0.006928045387286726
MBJC,2024-11-25,154,2.4781763942525814e-19,381.292380952381,381.2419545394268,387.38748009301924,,
MBL,2024-11-21,16,0.0,260.79285714285714,260.80839945258367,261.00338223944806,260.3232558139535,-0.001800667909575498
MBL,2024-11-25,42,3.854941057726238e-19,260.3232558139535,260.30559161955426,260.874694516904,,
MCHL,2024-11-21,32,0.0,623.536,622.8234258179793,621.6287729688804,593.1277777777777,-0.04876738828587637
MCHL,2024-11-25,42,-1.4456028966473392e-19,593.1277777777777,593.5167510099128,610.2492269916934,,
MDB,2024-11-21,47,0.0,710.9903846153846,710.7433848704857,709.8470411300157,687.4826446280991,-0.03306337257992903
MDB,2024-11-25,64,-7.709882115452476e-19,687.4826446280991,688.2105439822169,693.4037736707387,,
MEHL,2024-11-21,62,4.476705744456276e-19,429.1784946236559,428.93314776307477,429.03409051195365,423.6589743589744,-0.012860663648866144
MEHL,2024-11-25,44,-1.2143064331837649e-18,423.6589743589744,423.4767104961151,426.3252500805108,,
MEL,2024-11-21,42,3.854941057726238e-19,306.96119402985073,306.9564465928976,307.22134883847315,312.6115577889447,0.01840742044593592
MEL,2024-11-25,54,7.070883733601116e-21,312.6115577889447,312.69033888906944,305.10117464537024,,
MEN,2024-11-21,26,0.0,728.5304347826087,728.7423151828815,729.3071912150873,726.8450819672132,-0.002313359517915553
MEN,2024-11-25,54,-3.662845177315893e-20,726.8450819672132,727.2488261084403,736.2731628286064,,
MERO,2024-11-21,16,0.0,778.0571428571428,777.5147906407581,777.1351588985573,760.3571428571429,-0.022748971797884755
MERO,2024-11-25,12,6.1679056923619804e-18,760.3571428571429,761.4898786952823,767.8666920318038,,
MFIL,2024-11-21,68,-9.912705577010326e-20,755.6034482758621,755.5122776877905,752.3196980980268,778.4220183486239,0.03019913438038065
MFIL,2024-11-25,74,-1.192622389734055e-19,778.4220183486239,778.0042757249936,755.405684457182,,
MFLD85,2024-11-25,3,0.0,1086.0,1086.0,1086.0,,
MHCL,2024-11-21,34,3.0169103930031427e-19,438.38333333333327,438.30988360124104,437.3467027443753,429.4894736842105,-0.02028785989991125
MHCL,2024-11-25,44,-8.673617379884035e-19,429.4894736842105,429.72536593617576,433.41632883317027,,
MHL,2024-11-21,13,0.0,771.3789473684211,771.2320839540857,770.6387030533222,776.4599999999999,0.00658697343103925
MHL,2024-11-25,16,-1.261617073437678e-18,776.4599999999999,776.3431628349867,771.8629566114257,,
MHNL,2024-11-21,42,2.3129646346357427e-18,270.997619047619,270.81969393725393,271.2805242247224,271.8666666666667,0.003206845957177734
MHNL,2024-11-25,16,0.0,271.8666666666667,271.68417619900237,270.680484270002,,
MKCL,2024-11-21,44,1.6012832085939759e-18,1610.5935483870967,1610.1227272266212,1605.0282961183157,1649.125,0.023923758822634065
MKCL,2024-11-25,48,1.224510688924805e-18,1649.125,1648.2386817477536,1617.8576362435085,,
MKHC,2024-11-21,20,0.0,410.7206896551724,410.74414972964905,410.92445901329995,415.0635294117647,0.010573705844325503
MKHC,2024-11-25,36,8.673617379884035e-19,415.0635294117647,414.7863223196901,413.308888209423,,
MKHL,2024-11-21,28,4.525365589504714e-19,579.06,579.5135446380932,577.3820503264999,591.0287878787879,0.02066933975544487
MKHL,2024-11-25,32,2.220446049250313e-18,591.0287878787879,590.5592848838147,576.9523368076653,,
MKJC,2024-11-21,36,-3.17516350513612e-19,529.3421052631579,529.0911167965098,527.1149229030946,521.9819047619047,-0.013904430477137518
MKJC,2024-11-25,48,-1.261617073437678e-18,521.9819047619047,521.8982033297206,526.190757662544,,
MLBBL,2024-11-21,50,1.1963610179150394e-19,1885.744927536232,1884.7759843920178,1878.5935983601355,1792.178260869565,-0.04961788060536575
MLBBL,2024-11-25,40,2.7755575615628915e-18,1792.178260869565,1792.4926623309082,1870.0729392794817,,
MLBL,2024-11-21,60,-9.251858538542971e-19,419.7659574468085,419.52283619655697,418.26017312197615,411.8694117647059,-0.018811781999027968
MLBL,2024-11-25,52,2.0145175850053245e-18,411.8694117647059,412.18254282549606,415.21149388000197,,
MLBS,2024-11-21,15,-5.551115123125783e-18,2235.3,2233.130854714198,2231.0452622476214,2215.941304347826,-0.00866044631690332
MLBS,2024-11-25,17,-1.982541115402065e-18,2215.941304347826,2216.7784199066023,2180.0303486012845,,
MLBSL,2024-11-21,44,4.336808689942018e-19,2473.0545454545454,2473.502929315146,2479.4359376671678,2320.625806451613,-0.0616358176503205
MLBSL,2024-11-25,28,-2.0408511482080084e-18,2320.625806451613,2328.228050628068,2390.4081779255184,,
MMF1,2024-11-21,3,0.0,8.94,8.94,8.94,8.925,-0.0016778523489931535
MMF1,2024-11-25,9,-7.806255641895632e-18,8.925,8.92595007102031,8.942781781523376,,
MMKJL,2024-11-21,32,0.0,662.1215686274509,662.3995452705011,663.3614397006957,659.3008771929825,-0.004260080879581568
MMKJL,2024-11-25,62,1.0703021446331262e-18,659.3008771929825,659.370999011127,653.0913301158151,,
MNBBL,2024-11-21,20,3.469446951953614e-18,405.71250000000003,405.75975667652756,405.5548425304323,400.17605633802816,-0.013646224018170188
MNBBL,2024-11-25,30,-6.033820786006285e-19,400.17605633802816,400.3460267743085,400.4920739989234,,
MPFL,2024-11-21,36,-2.3129646346357427e-18,798.3803921568627,798.2054237108676,797.8538438427946,798.0525641025641,-0.00041061636472930355
MPFL,2024-11-25,52,-3.154042683594195e-19,798.0525641025641,797.860640417192,791.1477245323947,,
MSHL,2024-11-21,24,2.1912296538654404e-18,993.9319148936171,994.4820488859875,998.562687624976,975.9818181818181,-0.01805968441381646
MSHL,2024-11-25,9,0.0,975.9818181818181,976.0250806364178,988.569352256197,,
MSLB,2024-11-21,11,-6.938893903907228e-18,1711.1799999999998,1710.9571675686705,1711.3392096050695,1702.388888888889,-0.005137455505037999
MSLB,2024-11-25,14,2.523234146875356e-18,1702.388888888889,1704.2435624997588,1730.4958408247228,,
NABBC,2024-11-21,16,0.0,1040.1916666666666,1041.3288869962726,1044.0831597861675,991.2615384615384,-0.04703953105289397
NABBC,2024-11-25,38,0.0,991.2615384615384,989.9612817964232,993.5288376123891,,
NABIL,2024-11-21,54,3.589083053745118e-19,554.3344827586208,554.2902073256909,554.2846929570645,546.6835390946502,-0.013802034515146859
NABIL,2024-11-25,128,-4.0032080214849397e-19,546.6835390946502,546.8819044262169,556.507340945458,,
NADEP,2024-11-21,11,6.938893903907228e-18,984.9727272727273,984.9242443058833,984.9487479720988,987.4615384615385,0.002526781828469889
NADEP,2024-11-25,30,-3.96508223080413e-18,987.4615384615385,988.1523439805923,998.5190831359139,,
NBF2,2024-11-21,8,1.1564823173178713e-18,9.642727272727273,9.630715766940934,9.630303690163881,9.559999999999999,-0.00857924012444624
NBF2,2024-11-25,5,0.0,9.559999999999999,9.587,9.57954548614191,,
NBF3,2024-11-21,16,7.124757133476172e-19,9.472142857142858,9.47231831873768,9.473309417270192,9.362857142857141,-0.011537591433527132
NBF3,2024-11-25,9,0.0,9.362857142857141,9.367242041139287,9.451150720268492,,
NBL,2024-11-21,37,1.8101462358018856e-18,279.24313725490197,279.4188178560561,280.4181892161696,279.5831325301205,0.0012175600036615506
NBL,2024-11-25,40,-6.938893903907229e-19,279.5831325301205,279.6418041986868,279.2379174173348,,
NBLD85,2024-11-25,5,-1.6653345369377347e-17,1034.857142857143,1036.219570665795,1036.437925170068,,
NESDO,2024-11-21,30,-2.3129646346357427e-18,2417.5955555555556,2417.7601485459336,2422.90198199344,2327.842857142857,-0.03712477804918597
NESDO,2024-11-25,32,0.0,2327.842857142857,2333.798400239809,2383.8922412798324,,
NFS,2024-11-21,50,8.953411488912552e-19,1462.3909090909092,1462.5258892077863,1463.4126618358478,1439.5328273244784,-0.01563062353870927
NFS,2024-11-25,130,-3.043374519257556e-19,1439.5328273244784,1439.6204618397671,1432.6936771480025,,
NGPL,2024-11-21,84,-5.2887910852951435e-20,507.2427419354839,507.232931849966,508.0047876424686,497.2081477139507,-0.01978262751132564
NGPL,2024-11-25,230,1.0625181290357944e-18,497.2081477139507,497.1931587995271,500.7797424476706,,
NHDL,2024-11-21,19,-9.607699251563854e-18,702.6875,702.098697712019,701.6790720897958,699.8860759493671,-0.003986728169538993
NHDL,2024-11-25,33,2.2959575417340093e-18,699.8860759493671,699.7468660854237,693.211283533058,,
NHPC,2024-11-21,56,-1.119176436114069e-19,223.59859154929578,223.51293716398723,222.96763263017246,221.968,-0.007292494724575657
NHPC,2024-11-25,75,-1.129587379705828e-18,221.968,221.98235718514763,220.99999906418168,,
NIBLGF,2024-11-25,5,1.3877787807814457e-17,8.979999999999999,9.076403392955928,9.100454426137288,,
NIBLSTF,2024-11-21,5,0.0,9.175,9.179914834795033,9.179914834795033,9.05,-0.013623978201634876
NIBLSTF,2024-11-25,4,0.0,9.05,9.078620283018868,9.111386829219686,,
NIBSF2,2024-11-21,3,0.0,8.8,8.8,8.8,8.776666666666667,-0.002651515151515162
NIBSF2,2024-11-25,5,-8.326672684688674e-18,8.776666666666667,8.749739437747316,8.77011152209966,,
NICA,2024-11-21,64,1.3877787807814458e-18,427.3058823529412,427.19008399885206,427.3721254021324,424.51279620853086,-0.006536502912223715
NICA,2024-11-25,98,0.0,424.51279620853086,424.5240463170675,424.3945238849617,,
NICBF,2024-11-25,3,0.0,10.2,10.2,10.2,,
NICFC,2024-11-21,3,0.0,9.51,9.51,9.51,9.4,-0.01156677181913769
NICFC,2024-11-25,3,0.0,9.4,9.443181818181817,9.470815789473683,,
NICGF,2024-11-21,5,0.0,10.886,10.969348271980657,10.969348271980657,,
NICGF2,2024-11-25,5,0.0,9.20857142857143,9.17305582838922,9.111609631978057,,
NICL,2024-11-21,17,-2.3129646346357427e-18,969.25,968.923465275257,968.6920883084025,978.6272727272727,0.009674771965202708
NICL,2024-11-25,20,5.9476233462061954e-18,978.6272727272727,978.6663008718541,972.0176538195046,,
NICLBSL,2024-11-21,30,-1.261617073437678e-18,719.814705882353,719.7844666566884,720.2906745570019,708.4755555555555,-0.015752873946772036
NICLBSL,2024-11-25,26,2.3418766925686897e-18,708.4755555555555,708.7667397681003,714.3355194722445,,
NICSF,2024-11-21,7,1.769417945496343e-17,9.822,9.812164527140478,9.811779064952933,9.616666666666667,-0.02090545034955529
NICSF,2024-11-25,3,0.0,9.616666666666667,9.621824689472872,9.779542122291469,,
NIFRA,2024-11-21,64,-1.3537875775359541e-18,268.5078431372549,268.49994135349056,268.64431855179816,268.90568181818185,0.0014816650280252204
NIFRA,2024-11-25,114,-1.0106313107811309e-18,268.90568181818185,268.97683741576776,267.70898376506284,,
NIL,2024-11-21,24,0.0,919.7380952380952,919.2429803837929,918.8731574778354,915.3333333333334,-0.004789148049392843
NIL,2024-11-25,15,0.0,915.3333333333334,914.9023343338829,913.6558306828961,,
NIMB,2024-11-21,64,1.3430117233368829e-18,229.98932038834954,230.06527338748734,230.086170281373,228.2537444933921,-0.00754633255155857
NIMB,2024-11-25,90,-5.664403186863043e-19,228.2537444933921,228.31886795782364,228.7505701394023,,
NIMBPO,2024-11-21,5,0.0,170.96666666666667,170.9888888888889,170.9888888888889,176.0076923076923,0.029485429758387447
NIMBPO,2024-11-25,7,0.0,176.0076923076923,175.1693790796056,171.75525960412142,,
NLG,2024-11-21,44,-2.7755575615628914e-19,883.2454545454545,882.9271365287614,881.73722449087,936.9492822966507,0.060802835129034234
NLG,2024-11-25,81,-2.640634624542473e-18,936.9492822966507,936.2585749186987,901.6216418624213,,
NLIC,2024-11-21,32,-9.912705577010326e-19,823.1000000000001,823.0731725577995,822.0405824737136,822.3704761904761,-0.0008863124887912029
NLIC,2024-11-25,72,-3.750753461571475e-19,822.3704761904761,822.4257615856872,821.0212260911305,,
NLICL,2024-11-21,35,1.8924256101565167e-18,606.0,605.7515162292876,604.1271194791365,606.05,8.250825082500747e-05
NLICL,2024-11-25,28,-1.734723475976807e-18,606.05,605.1259372712987,602.1799581847429,,
NMB,2024-11-21,19,-3.96508223080413e-18,256.8074074074074,256.7666763234666,256.93674542189086,256.07922077922075,-0.0028355359198477424
NMB,2024-11-25,28,8.374527125405276e-19,256.07922077922075,256.081314409069,254.1850247827304,,
NMB50,2024-11-21,7,1.3877787807814457e-17,10.653333333333334,10.614240811641258,10.610487466413781,10.524999999999999,-0.012046307884856285
NMB50,2024-11-25,5,0.0,10.524999999999999,10.537033717323755,10.540056640189679,,
NMBD2085,2024-11-25,3,0.0,1113.0,1125.8333333333335,1125.8333333333335,,
NMBMF,2024-11-21,14,-2.523234146875356e-18,757.3176470588235,756.7675471521808,756.1919724329141,743.7,-0.017981420493382076
NMBMF,2024-11-25,9,8.921435019309294e-18,743.7,746.2992906692158,752.8184162384781,,
NMFBS,2024-11-21,7,2.2204460492503132e-17,1544.24,1543.5373413493653,1543.0662208866604,1550.120930232558,0.003808300673831825
NMFBS,2024-11-25,24,-2.413528314402514e-18,1550.120930232558,1549.3522548367027,1541.7666552528528,,
NMLBBL,2024-11-21,32,-3.4694469519536144e-19,719.878125,720.143101690074,721.1426270044107,720.6842105263158,0.0011197527724792066
NMLBBL,2024-11-25,32,-2.3129646346357427e-18,720.6842105263158,720.662315809658,722.9701777878342,,
NRIC,2024-11-21,56,-2.168404344971009e-19,783.1957142857142,783.1052009419317,782.2456084210833,797.7823529411766,0.018624512863640464
NRIC,2024-11-25,56,-9.03501810404587e-19,797.7823529411766,797.3942632500673,782.4321046053408,,
NRM,2024-11-21,54,5.0040100268561746e-20,477.5851851851852,477.65182832220466,478.2290929802776,470.2925619834711,-0.015269785219334966
NRM,2024-11-25,50,1.951563910473908e-18,470.2925619834711,470.49302831462154,472.98379960702925,,
NRN,2024-11-21,56,8.393823270855518e-19,940.443373493976,940.5961407307967,942.1640486489157,1008.7638766519823,0.07264712058545218
NRN,2024-11-25,114,4.1561083278611005e-19,1008.7638766519823,1007.9849842904594,990.5463413737981,,
NSIF2,2024-11-21,3,0.0,10.626,10.619825100945105,10.619825100945105,,
NTC,2024-11-21,36,0.0,973.7690476190477,973.5097417379752,971.421261349972,981.6609756097561,0.008104517195329683
NTC,2024-11-25,60,-1.3066026181235566e-19,981.6609756097561,981.0342674278947,967.7804955578823,,
NUBL,2024-11-21,20,-2.6688053476566264e-18,740.6928571428572,740.4671705467621,740.0517193582548,726.2914285714286,-0.01944318543448705
NUBL,2024-11-25,28,-3.0839528461809902e-18,726.2914285714286,727.3882268273222,733.670457440914,,
NWCL,2024-11-21,16,0.0,1035.2545454545455,1033.8217582417458,1031.9302265143228,1043.2276923076925,0.007701629409070848
NWCL,2024-11-25,33,-1.5012030080568524e-18,1043.2276923076925,1042.705545853043,1034.6188820891073,,
NYADI,2024-11-21,17,0.0,337.32222222222225,337.49861875044985,337.77926454078346,328.7846153846154,-0.025309944839573675
NYADI,2024-11-25,28,2.286680945605791e-18,328.7846153846154,329.0246441367303,332.1129437604908,,
OHL,2024-11-21,16,-5.898059818321144e-18,928.7299999999999,927.2123019555395,925.8483680151455,936.6545454545455,0.008532668756846057
OHL,2024-11-25,8,-1.982541115402065e-18,936.6545454545455,936.3178787878787,928.7993361290067,,
PCBL,2024-11-21,48,3.502807018799322e-18,273.90253164556964,273.7976781710732,273.4599052518975,268.3508620689655,-0.020268777886974763
PCBL,2024-11-25,64,-1.7792035651044175e-19,268.3508620689655,268.4177421133226,271.1578610473334,,
PFL,2024-11-21,84,-1.4763604050866443e-19,750.0037037037036,750.0277307168798,748.525992085389,741.0081395348838,-0.011994026328666882
PFL,2024-11-25,118,1.3419558965103603e-18,741.0081395348838,740.9261555228068,741.4050865663132,,
PHCL,2024-11-21,70,1.4808615038826403e-19,567.5068965517241,567.4411372401376,568.5048573244699,547.0075675675675,-0.036121726641058054
PHCL,2024-11-25,94,-1.1102230246251566e-18,547.0075675675675,546.9819224092112,555.9812497937613,,
PMHPL,2024-11-21,18,-7.569702440626067e-18,276.0083333333333,275.7656858149924,275.785918897576,276.8,0.0028682708855409644
PMHPL,2024-11-25,9,1.734723475976807e-18,276.8,276.51599395345886,275.88254919233134,,
PMLI,2024-11-21,25,3.2526065174565133e-19,560.4176470588236,560.3913955348395,560.4014953622155,556.9130434782609,-0.006253556787434413
PMLI,2024-11-25,43,1.1963610179150395e-18,556.9130434782609,556.9981818382737,558.3347132456962,,
PPCL,2024-11-21,21,1.2810265668751807e-17,270.14,269.7612452234288,269.6514123706137,266.0238095238095,-0.015237249115978634
PPCL,2024-11-25,17,-7.228014483236697e-18,266.0238095238095,266.1647886572419,268.8027420298008,,
PPL,2024-11-21,46,-3.2025664171879517e-18,507.78979591836736,507.2226588078755,506.31034173749504,510.7692307692308,0.00586745711475933
PPL,2024-11-25,37,5.551115123125783e-18,510.7692307692308,510.565175662014,509.03555139127764,,
PRIN,2024-11-21,10,0.0,975.68,976.2454851881499,977.1782557257288,976.1600000000002,0.0004919645785505961
PRIN,2024-11-25,9,0.0,976.1600000000002,974.8704096017997,970.0703976925415,,
PROFL,2024-11-21,86,1.206764157201257e-18,703.7537878787879,703.7317506913755,703.8055166591575,711.0053941908714,0.010304180861236762
PROFL,2024-11-25,120,-3.336006684570783e-19,711.0053941908714,711.0047758671049,699.339868960064,,
PRSF,2024-11-25,1,0.0,10.24,10.262666666666666,10.269473684210526,,
PRVU,2024-11-21,76,-3.0814167007482757e-19,235.3196261682243,235.33880605311535,235.31452318830773,233.5685393258427,-0.007441312358408163
PRVU,2024-11-25,100,-1.9712766772463716e-19,233.5685393258427,233.56072133363267,234.8041611665116,,
PSF,2024-11-21,7,0.0,10.44888888888889,10.461270691423525,10.47592304701817,10.508571428571429,0.005711855137631348
PSF,2024-11-25,5,-1.3877787807814457e-17,10.508571428571429,10.487141552273084,10.474560857729246,,
RADHI,2024-11-21,52,-3.7007434154171884e-18,388.7653846153846,388.7099009056266,387.5808942373263,386.9697841726619,-0.0046187251071727045
RADHI,2024-11-25,56,-1.8260247115545337e-19,386.9697841726619,387.0816934730082,385.52927712837635,,
RAWA,2024-11-21,18,0.0,824.3181818181819,823.5565073980582,821.424500068706,794.163829787234,-0.036580961934428044
RAWA,2024-11-25,36,2.4286128663675298e-18,794.163829787234,795.6885104765323,802.1090194073001,,
RBCL,2024-11-21,6,0.0,16801.333333333332,16800.42857142857,16800.373015873014,16936.358333333334,0.00803656455836847
RBCL,2024-11-25,12,0.0,16936.358333333334,16903.440608465608,17083.74198821877,,
RBCLPO,2024-11-21,5,0.0,12112.5,12121.108058608059,12121.108058608059,,
RFPL,2024-11-21,22,-5.337610695313253e-19,784.5772727272727,784.6313001238161,784.48717142677,820.9723529411764,0.046388139803477384
RFPL,2024-11-25,70,9.54097911787244e-19,820.9723529411764,821.5988212764138,789.1626806491012,,
RHGCL,2024-11-21,30,-5.843279076974508e-18,452.12352941176465,451.8924771229098,451.58414065907635,446.81076923076927,-0.01175068280102022
RHGCL,2024-11-25,30,1.9660199394403813e-18,446.81076923076927,446.7424030571401,448.9995942845857,,
RHPL,2024-11-21,134,-4.651070189213179e-19,451.91520912547526,452.0120284653853,458.4629318774714,455.33576642335765,0.007569024517899488
RHPL,2024-11-25,112,-2.0816681711721684e-19,455.33576642335765,455.41523128391935,460.1353153109574,,
RIDI,2024-11-21,30,0.0,241.2689655172414,241.1961715110137,241.34354075092747,235.2626168224299,-0.024894825084257673
RIDI,2024-11-25,65,-1.7842870038618585e-18,235.2626168224299,235.29718837777384,236.45936964766187,,
RLFL,2024-11-21,76,1.3492293702041833e-18,702.7060606060605,702.7081119962061,703.6656491684522,694.6700598802395,-0.011435792540184259
RLFL,2024-11-25,68,0.0,694.6700598802395,694.7421047741005,699.9681229595566,,
RMF1,2024-11-21,3,0.0,9.48,9.48,9.48,9.47888888888889,-0.00011720581340836337
RMF1,2024-11-25,3,0.0,9.47888888888889,9.495395736382257,9.423360440652848,,
RNLI,2024-11-21,46,0.0,516.5041095890411,516.6288146233279,516.3273535336359,509.54467005076145,-0.013474122294626089
RNLI,2024-11-25,74,1.2479388271057642e-18,509.54467005076145,509.6827553857959,509.61517101166214,,
RSDC,2024-11-21,10,1.0793834961633467e-17,741.7384615384616,741.983857114382,742.3880627503048,753.8818181818183,0.016371480343853013
RSDC,2024-11-25,13,3.2653618371328133e-18,753.8818181818183,754.0381790092393,751.2283221953644,,
RURU,2024-11-21,20,4.336808689942018e-19,740.9888888888889,741.2949438675589,741.4848528134311,726.75,-0.01921606261902269
RURU,2024-11-25,20,-1.3877787807814458e-18,726.75,726.5573989420933,734.2588953665944,,
SADBL,2024-11-21,50,1.270065402054448e-18,463.5544117647059,463.5965144216132,463.7892972055462,452.07731958762884,-0.024758888893722093
SADBL,2024-11-25,68,1.692413147294446e-18,452.07731958762884,452.32759191362,459.65486623177344,,
SAEF,2024-11-21,9,-2.3129646346357427e-18,11.242857142857142,11.246779134449655,11.24829709884259,11.043333333333331,-0.017746717492588
SAEF,2024-11-25,10,0.0,11.043333333333331,11.097871824304152,11.187317069473702,,
SAGF,2024-11-25,7,0.0,10.208000000000002,10.124734265734265,10.185162868180972,,
SAHAS,2024-11-21,84,0.0,525.9347517730497,525.9607961119865,525.6474319043674,512.9927835051546,-0.024607554880647517
SAHAS,2024-11-25,114,0.0,512.9927835051546,513.003717418277,520.2070663137423,,
SALICO,2024-11-21,22,-6.47630097698008e-18,736.33125,736.402778762607,737.2947524834152,727.832258064516,-0.011542348549628854
SALICO,2024-11-25,30,1.8173293557852266e-18,727.832258064516,727.5166089027574,726.3798233294186,,
SAMAJ,2024-11-21,7,8.326672684688674e-18,3574.44,3558.782696969697,3556.681021367521,3685.0827586206897,0.030953872108830927
SAMAJ,2024-11-25,13,4.270088556250602e-18,3685.0827586206897,3689.2192155727453,3628.425676162443,,
SANIMA,2024-11-21,52,-1.02798428206033e-18,316.6600000000001,316.60805144250963,316.8394949943442,314.50390625,-0.006808860449693935
SANIMA,2024-11-25,73,1.734723475976807e-18,314.50390625,314.5756732558209,314.88483249580383,,
SAPDBL,2024-11-21,38,-4.476705744456276e-19,877.8633663366336,877.8574489924006,877.8543709488681,895.9343406593406,0.020585178759785883
SAPDBL,2024-11-25,85,6.468460418896569e-19,895.9343406593406,895.9549883262191,870.7707561417172,,
SARBTM,2024-11-21,66,2.238352872228138e-19,752.0240740740742,751.8615000728273,750.9590188803078,754.2782608695652,0.0029974928638640715
SARBTM,2024-11-25,34,1.32169407693471e-18,754.2782608695652,754.2894280134994,753.5449928380513,,
SBCF,2024-11-25,3,0.0,9.6,9.76852612026397,9.79853140578002,,
SBI,2024-11-21,40,2.4512396943150533e-19,460.41754385964913,460.34191868551835,460.16834329399984,462.8090909090909,0.005194300437367364
SBI,2024-11-25,40,0.0,462.8090909090909,462.48630503130505,461.8744929017703,,
SBL,2024-11-21,16,1.1564823173178713e-18,323.13,323.0519828938533,323.02284577219064,325.9684210526316,0.008784145862753655
SBL,2024-11-25,15,2.8386384152347754e-18,325.9684210526316,325.9075774097596,323.8054723311637,,
SCB,2024-11-21,44,0.0,759.2675675675677,758.978401492911,758.5153456498888,762.7703703703704,0.004613397111145599
SCB,2024-11-25,96,-1.8454505063583054e-19,762.7703703703704,762.9041000021758,761.3286740919467,,
SDBD87,2024-11-25,3,-1.850371707708594e-17,1072.6333333333334,1062.3685522826147,1062.0196966005976,,
SEF,2024-11-21,5,0.0,9.774999999999999,9.76522385620915,9.76522385620915,10.003333333333334,0.023358908780903867
SEF,2024-11-25,7,0.0,10.003333333333334,9.974705814392127,9.889486620641687,,
SFCL,2024-11-21,124,-1.1365429670192874e-18,801.4828402366865,801.1334314297108,801.0457555070034,794.334529147982,-0.008918857310274347
SFCL,2024-11-25,124,6.088212199341678e-19,794.334529147982,794.3041096019232,795.737012753205,,
SFEF,2024-11-21,4,0.0,9.7,9.7,9.7,9.46,-0.024742268041236953
SFEF,2024-11-25,3,0.0,9.46,9.644032634032634,9.653556443556443,,
SFMF,2024-11-21,5,0.0,10.39,10.39,10.39,10.357000000000001,-0.0031761308950913835
SFMF,2024-11-25,7,-6.938893903907228e-18,10.357000000000001,10.338716999990433,10.378605937514282,,
SGHC,2024-11-21,17,-1.8503717077085942e-18,446.962962962963,447.1042488580554,447.2591547341099,442.41639344262296,-0.010172139298075967
SGHC,2024-11-25,29,-1.700029006457271e-18,442.41639344262296,442.76098123051105,443.8277900824813,,
SGIC,2024-11-21,84,-1.6521175961683876e-19,699.9170731707318,699.7930648654526,699.352326496041,704.7272277227722,0.006872463519499111
SGIC,2024-11-25,110,-6.938893903907229e-19,704.7272277227722,704.8236102023031,697.6626776364716,,
SHEL,2024-11-21,88,-7.080503983578805e-19,266.45639097744356,266.3938954286052,266.7769593962325,259.26627906976745,-0.026984197606597395
SHEL,2024-11-25,86,1.0408340855860842e-18,259.26627906976745,259.27542243300763,262.50186197889303,,
SHINE,2024-11-21,62,-9.912705577010326e-19,472.61999999999995,472.629022059416,472.30665452625175,462.72556390977445,-0.02093528858327091
SHINE,2024-11-25,72,1.1846892031061123e-18,462.72556390977445,462.76987973504373,465.65409558103545,,
SHIVM,2024-11-21,90,3.304235192336775e-19,587.9825757575758,588.0400613865696,587.4422841304768,579.0088353413655,-0.015261915550215421
SHIVM,2024-11-25,112,-4.163336342344337e-19,579.0088353413655,579.135780393962,584.3959142658857,,
SHL,2024-11-21,32,3.0839528461809902e-18,561.2571428571429,561.137030309623,561.3764044030224,560.1053333333333,-0.002052195751035158
SHL,2024-11-25,60,-8.163404592832033e-19,560.1053333333333,559.9913966359359,559.5824557891605,,
SHLB,2024-11-21,9,0.0,2680.0,2680.0,2680.0,2491.2224489795917,-0.07043938470910757
SHLB,2024-11-25,36,-2.262682794752357e-18,2491.2224489795917,2494.608089764574,2549.943252889148,,
SHPC,2024-11-21,46,-1.6749054250810552e-18,544.6823529411764,544.7660830892418,545.3497954411117,562.930042918455,0.03350152594212881
SHPC,2024-11-25,61,0.0,562.930042918455,562.8380464117624,551.5748525877337,,
SICL,2024-11-21,5,9.25185853854297e-18,843.2999999999998,843.1167816091953,843.1167816091953,839.6347826086956,-0.004346279368320031
SICL,2024-11-25,28,-1.261617073437678e-18,839.6347826086956,840.4015657398155,842.2721259468652,,
SIFC,2024-11-21,36,-3.96508223080413e-18,675.1408163265306,674.9099821150787,674.9513964969136,674.3027027027027,-0.0012413908381189353
SIFC,2024-11-25,44,0.0,674.3027027027027,674.0251810443154,673.4345679491895,,
SIGS2,2024-11-21,3,0.0,9.85,9.85,9.85,,
SIGS3,2024-11-25,9,-1.599198204416119e-17,9.908333333333333,9.91517871620256,9.937076594837428,,
SIKLES,2024-11-21,19,3.0839528461809902e-18,777.4392857142857,778.0759735293271,780.5833293777854,764.5685714285714,-0.016555266143888095
SIKLES,2024-11-25,19,4.747664250041788e-18,764.5685714285714,764.803104243721,763.4239665516052,,
SINDU,2024-11-21,34,3.3042351923367752e-18,843.1818181818181,842.1798323865074,839.7756401677473,851.1048000000001,0.009396528301886935
SINDU,2024-11-25,56,7.11681426041767e-19,851.1048000000001,851.2729721820192,833.673099036564,,
SJCL,2024-11-21,48,1.5419764230904951e-18,361.6102564102564,361.99388282791904,365.52749396637773,371.54076923076923,0.027461922455115327
SJCL,2024-11-25,66,-3.6308165776258755e-19,371.54076923076923,371.479287660369,377.26941760827566,,
SJLIC,2024-11-21,40,9.912705577010326e-19,477.43783783783783,477.7018576032882,477.72478139942757,471.90584415584414,-0.0115868354863668
SJLIC,2024-11-25,48,-6.847592668329502e-19,471.90584415584414,472.0774974633374,470.4106490729977,,
SKBBL,2024-11-21,16,0.0,946.8222222222223,946.6549343081604,946.1800104845345,934.0608695652173,-0.013478087393273967
SKBBL,2024-11-25,30,-6.30808536718839e-19,934.0608695652173,934.5146100684891,938.3454100540495,,
SLBBL,2024-11-21,20,0.0,970.7032258064515,969.8293203802815,969.1813067376789,964.6058823529411,-0.00628136725150454
SLBBL,2024-11-25,17,-4.625929269271485e-18,964.6058823529411,963.92235008163,968.4126250332743,,
SLBSL,2024-11-21,11,0.0,1633.611111111111,1632.506022277361,1631.9574648478135,1716.703947368421,0.050864514627838094
SLBSL,2024-11-25,34,2.3129646346357427e-18,1716.703947368421,1711.5665092381903,1739.5946945551889,,
SLCF,2024-11-21,5,1.61907524424502e-17,9.751111111111111,9.740857603153657,9.740723194968181,9.62,-0.013445761166818693
SLCF,2024-11-25,3,0.0,9.62,9.666367521367523,9.734371780988702,,
SMATA,2024-11-21,11,0.0,924.4923076923077,923.8312167559318,923.6777296390139,899.4727272727272,-0.027063048779749934
SMATA,2024-11-25,11,4.163336342344337e-18,899.4727272727272,898.460933481005,908.6589791722508,,
SMB,2024-11-21,11,6.938893903907228e-18,2554.7999999999997,2567.082656749954,2567.7198875838844,2512.133333333333,-0.01670058973957512
SMB,2024-11-25,18,-6.938893903907228e-18,2512.133333333333,2516.284549806834,2453.9912282874693,,
SMFBS,2024-11-21,15,4.270088556250602e-18,2004.7777777777778,2005.7415378573169,2008.4184455584573,1946.7196078431375,-0.0289599029768754
SMFBS,2024-11-25,40,-3.4694469519536144e-19,1946.7196078431375,1953.309817248465,1967.8147848495519,,
SMH,2024-11-21,17,4.336808689942018e-18,1179.357142857143,1177.790382902075,1172.6941636494134,1094.5857142857144,-0.07187935315850032
SMH,2024-11-25,7,5.204170427930421e-18,1094.5857142857144,1100.6431784617869,1172.7599038843798,,
SMHL,2024-11-21,45,2.3772136522645136e-18,910.1275409836067,910.6044811132864,920.3545912121344,939.5357692307692,0.03231220562271974
SMHL,2024-11-25,57,-1.1682831572905027e-18,939.5357692307692,940.1090792242238,915.4298602434948,,
SMJC,2024-11-21,45,0.0,560.4857142857143,560.4904512684483,560.2609800998295,547.0927536231884,-0.02389527568886197
SMJC,2024-11-25,68,-6.30808536718839e-19,547.0927536231884,547.1995259362552,554.2587444167091,,
SMPDA,2024-11-21,30,1.261617073437678e-18,986.1923076923077,986.3724275045806,989.7926645659209,984.8967741935483,-0.0013136722814143964
SMPDA,2024-11-25,19,-1.6326809185664067e-18,984.8967741935483,986.8717908836494,990.0325258013042,,
SNLI,2024-11-21,66,-1.1734894102196049e-18,624.536936936937,624.8859644043796,624.2861793643868,619.8684931506849,-0.007475048328043813
SNLI,2024-11-25,60,4.034240641806528e-19,619.8684931506849,619.8803371754847,623.13210163833,,
SONA,2024-11-21,80,-1.3299546649155522e-18,471.2793939393939,471.2467848195799,471.28281238988706,472.3705069124424,0.0023152146838586623
SONA,2024-11-25,100,-2.2145406076299663e-19,472.3705069124424,472.43555365121944,470.15562892916546,,
SPC,2024-11-21,42,0.0,544.0924528301887,544.2034854625575,546.0304291627759,530.2545454545455,-0.025433007393620363
SPC,2024-11-25,72,-1.5178830414797062e-18,530.2545454545455,530.2974307868329,535.3312163700359,,
SPDL,2024-11-21,46,9.71445146547012e-19,316.55849056603773,316.52740808537425,316.46996108402084,310.5917525773196,-0.018848769395030354
SPDL,2024-11-25,48,-3.9650822308041304e-19,310.5917525773196,310.5282912851147,312.84707568505286,,
SPHL,2024-11-21,16,-3.2025664171879517e-18,770.0666666666665,769.2481140883139,768.3084084852388,756.3125,-0.017861007704960387
SPHL,2024-11-25,28,1.32169407693471e-18,756.3125,756.1919771561845,761.0411382317238,,
SPIL,2024-11-21,18,4.956352788505163e-18,842.24,841.2992963461402,840.5330608445789,849.2117647058824,0.008277646164848948
SPIL,2024-11-25,22,4.382459307730881e-18,849.2117647058824,848.5075607073404,838.0337202503988,,
SPL,2024-11-21,40,-6.195440985631454e-20,953.5069444444445,953.4935204863903,953.2282224737695,966.2025,0.013314591602636438
SPL,2024-11-25,38,-1.7037462710486498e-19,966.2025,966.5274338504271,962.2552736330211,,
SRLI,2024-11-21,64,-9.912705577010326e-20,445.79699999999997,445.81245905696045,446.2068110110303,445.4106870229008,-0.0008665670183944272
SRLI,2024-11-25,62,-8.117616265788905e-19,445.4106870229008,445.3966945690522,445.4110897521855,,
SSHL,2024-11-21,44,2.05596856412066e-18,229.87543859649122,229.91689492938252,229.96888128889626,226.54561403508777,-0.014485342939349074
SSHL,2024-11-25,62,3.558407130208835e-19,226.54561403508777,226.45322435391734,227.31474767465437,,
STC,2024-11-21,11,1.214306433183765e-17,5725.428571428572,5732.084785491684,5741.036206448284,5724.7,-0.00012725185887524782
STC,2024-11-25,13,8.831319514063745e-18,5724.7,5721.718066365547,5712.173322854535,,
SWBBL,2024-11-21,8,-5.9476233462061954e-18,910.3333333333334,908.3676200342867,908.2481539767062,898.0,-0.013548150860490703
SWBBL,2024-11-25,9,0.0,898.0,899.26929252305,897.3759647854998,,
SWMF,2024-11-21,34,-2.7755575615628915e-18,831.7605263157895,831.9420328218241,830.7598511548127,812.0769230769231,-0.02366498843850315
SWMF,2024-11-25,22,0.0,812.0769230769231,812.1098002047129,822.6239488340118,,
TAMOR,2024-11-21,34,1.2046690805394493e-18,510.95000000000005,510.24213660670296,508.73541381721617,502.6864077669902,-0.01617299585675669
TAMOR,2024-11-25,58,4.1023865985938005e-19,502.6864077669902,502.47743485918454,506.5960271347443,,
TPC,2024-11-21,28,1.0408340855860842e-18,545.1477272727273,545.1724834420594,544.8788939985008,527.5846153846154,-0.03221716061438398
TPC,2024-11-25,27,6.938893903907228e-18,527.5846153846154,528.6761801936262,536.3097298309781,,
TRH,2024-11-21,7,2.3129646346357427e-18,1139.7941176470588,1143.8500290166273,1151.9729914349844,1138.1083333333333,-0.0014790252797632387
TRH,2024-11-25,9,2.3129646346357427e-18,1138.1083333333333,1138.5793686684979,1136.6014171040524,,
TSHL,2024-11-21,29,0.0,973.5,973.5,973.5,970.9829842931937,-0.0025855323131035637
TSHL,2024-11-25,122,8.247046033332361e-19,970.9829842931937,970.571293169916,1010.5001659352448,,
TVCL,2024-11-21,34,0.0,516.1833333333333,516.1846827968731,516.378181309965,501.6507936507937,-0.0281538336170087
TVCL,2024-11-25,36,-3.620292471603771e-18,501.6507936507937,501.7567519898158,509.2300281661216,,
UAIL,2024-11-21,19,-5.493291007259889e-18,653.1266666666667,654.4422068094183,654.7766125571483,659.67,0.01001847523196107
UAIL,2024-11-25,26,-2.523234146875356e-18,659.67,659.1275909015593,651.3895328872406,,
UHEWA,2024-11-21,36,1.8503717077085942e-18,669.8746031746032,670.0310670468223,673.7883207402278,650.744,-0.02855848405648057
UHEWA,2024-11-25,36,1.2390881971262907e-19,650.744,651.0656947382538,657.5119667994076,,
ULBSL,2024-11-25,14,-1.951563910473908e-18,3134.285714285714,3139.0285688801987,3082.848814235437,,
ULHC,2024-11-21,50,-7.178166107490236e-19,444.2660714285715,444.05761245575775,443.2104710263393,444.65436893203884,0.0008740201614288395
ULHC,2024-11-25,50,0.0,444.65436893203884,444.47952276587,444.38908859719834,,
UMHL,2024-11-21,34,-2.0816681711721684e-18,326.8818181818182,326.9091524336921,327.0299044165817,330.3931818181818,0.0107419973857663
UMHL,2024-11-25,58,-3.304235192336775e-19,330.3931818181818,330.4004755592558,329.2387735244613,,
UMRH,2024-11-21,47,0.0,531.9150684931507,531.9503666420112,532.5592221722196,535.9727272727273,0.007628395997638252
UMRH,2024-11-25,60,6.746146851020917e-19,535.9727272727273,536.1776842479856,535.3196412035687,,
UNHPL,2024-11-21,22,0.0,279.6814814814815,279.3884401176435,278.4891055933064,283.5872727272727,0.013965140720444181
UNHPL,2024-11-25,28,0.0,283.5872727272727,283.2859113836999,279.7938436924672,,
UNL,2024-11-25,3,1.850371707708594e-17,46583.666666666664,47066.53333333333,47065.58095238095,,
UNLB,2024-11-21,10,-9.25185853854297e-18,2765.75,2775.4879873409814,2785.001232123821,2727.5815789473686,-0.013800387255764766
UNLB,2024-11-25,17,5.102127870520021e-18,2727.5815789473686,2728.158614464244,2739.3409227915604,,
UPCL,2024-11-21,50,0.0,279.2116666666667,279.15660278082265,278.72669504797705,277.2512396694215,-0.007021293274201216
UPCL,2024-11-25,59,3.662194004839926e-18,277.2512396694215,277.26313895834056,274.43005993977226,,
UPPER,2024-11-21,78,-1.1412654447215837e-18,214.11167883211678,214.09326053774436,214.2436970343544,212.25973451327434,-0.00864943159076594
UPPER,2024-11-25,120,9.682177540335667e-19,212.25973451327434,212.20877794429077,213.71717950283232,,
USHEC,2024-11-21,26,0.0,594.9375,594.9278864182321,595.2387805655941,578.9435897435898,-0.026883345320155867
USHEC,2024-11-25,55,0.0,578.9435897435898,579.2635807520284,589.380577966989,,
USHL,2024-11-21,21,-9.912705577010326e-19,808.3631578947368,805.3417538907512,803.1087451260531,816.2666666666665,0.00977717588282138
USHL,2024-11-25,37,-1.261617073437678e-18,816.2666666666665,815.1041161501639,812.9548821812215,,
USLB,2024-11-21,18,9.251858538542971e-19,1703.2740740740742,1701.0792560931966,1700.0137192767465,1628.7533333333333,-0.043751467761435556
USLB,2024-11-25,16,0.0,1628.7533333333333,1630.431108189514,1668.4942723025404,,
VLBS,2024-11-21,3,0.0,939.0,939.0,939.0,947.0076923076923,0.00852789383140821
VLBS,2024-11-25,14,2.0408511482080084e-18,947.0076923076923,947.5312007143214,941.791253308124,,
VLUCL,2024-11-21,42,-1.610814656264178e-18,676.0421875,676.203715865969,677.718929825404,652.0261904761904,-0.0355244058253532
VLUCL,2024-11-25,49,3.469446951953614e-18,652.0261904761904,652.123839506408,655.548185534982,,
WNLB,2024-11-21,8,0.0,2550.0,2558.0384615384614,2560.226587138352,2408.684210526316,-0.05541795665634673
WNLB,2024-11-25,13,-3.2025664171879517e-18,2408.684210526316,2421.019585425628,2445.7929030664827,,
